Datetime,Open,High,Low,Close,Volume,Dividends,Stock Splits
2025-02-17 01:00:00+00:00,43.0,43.0,43.0,43.0,0,0.0,0.0
2025-02-17 01:05:00+00:00,43.099998474121094,43.099998474121094,43.099998474121094,43.099998474121094,3051,0.0,0.0
2025-02-17 01:15:00+00:00,43.349998474121094,43.45000076293945,43.349998474121094,43.45000076293945,2000,0.0,0.0
2025-02-17 01:25:00+00:00,43.5,43.5,43.5,43.5,1000,0.0,0.0
2025-02-17 01:30:00+00:00,43.5,43.650001525878906,43.5,43.650001525878906,5002,0.0,0.0
2025-02-17 01:35:00+00:00,43.79999923706055,44.0,43.79999923706055,44.0,5000,0.0,0.0
2025-02-17 01:45:00+00:00,44.0,44.0,44.0,44.0,5000,0.0,0.0
2025-02-17 01:50:00+00:00,43.599998474121094,43.599998474121094,43.599998474121094,43.599998474121094,5000,0.0,0.0
2025-02-17 01:55:00+00:00,43.54999923706055,43.54999923706055,43.54999923706055,43.54999923706055,1001,0.0,0.0
2025-02-17 02:35:00+00:00,43.70000076293945,43.70000076293945,43.70000076293945,43.70000076293945,1000,0.0,0.0
2025-02-17 02:40:00+00:00,43.75,43.75,43.5,43.5,2000,0.0,0.0
2025-02-17 02:50:00+00:00,43.5,43.5,43.5,43.5,1000,0.0,0.0
2025-02-17 03:05:00+00:00,43.70000076293945,43.70000076293945,43.70000076293945,43.70000076293945,1001,0.0,0.0
2025-02-17 03:15:00+00:00,43.79999923706055,43.95000076293945,43.79999923706055,43.95000076293945,5001,0.0,0.0
2025-02-17 03:30:00+00:00,43.95000076293945,43.95000076293945,43.95000076293945,43.95000076293945,1000,0.0,0.0
2025-02-17 03:45:00+00:00,43.599998474121094,43.599998474121094,43.599998474121094,43.599998474121094,5100,0.0,0.0
2025-02-17 05:05:00+00:00,43.54999923706055,43.54999923706055,43.54999923706055,43.54999923706055,3000,0.0,0.0
2025-02-18 01:00:00+00:00,43.29999923706055,43.29999923706055,43.29999923706055,43.29999923706055,0,0.0,0.0
2025-02-18 04:00:00+00:00,44.099998474121094,44.099998474121094,44.099998474121094,44.099998474121094,1000,0.0,0.0
2025-02-18 04:20:00+00:00,44.0,44.0,44.0,44.0,1032,0.0,0.0
2025-02-18 04:25:00+00:00,44.0,44.0,44.0,44.0,1060,0.0,0.0
2025-02-18 05:15:00+00:00,43.650001525878906,43.650001525878906,43.650001525878906,43.650001525878906,2000,0.0,0.0
2025-02-18 05:20:00+00:00,43.70000076293945,43.70000076293945,43.70000076293945,43.70000076293945,1001,0.0,0.0
2025-02-19 01:00:00+00:00,43.70000076293945,43.70000076293945,43.70000076293945,43.70000076293945,0,0.0,0.0
2025-02-19 01:40:00+00:00,43.70000076293945,43.70000076293945,43.70000076293945,43.70000076293945,1000,0.0,0.0
2025-02-19 02:05:00+00:00,43.75,43.75,43.75,43.75,2003,0.0,0.0
2025-02-19 03:00:00+00:00,43.75,43.75,43.75,43.75,1000,0.0,0.0
2025-02-19 03:10:00+00:00,43.75,43.75,43.75,43.75,1000,0.0,0.0
2025-02-19 03:30:00+00:00,43.70000076293945,43.70000076293945,43.70000076293945,43.70000076293945,5000,0.0,0.0
2025-02-19 03:35:00+00:00,43.79999923706055,43.79999923706055,43.79999923706055,43.79999923706055,1000,0.0,0.0
2025-02-19 03:45:00+00:00,43.54999923706055,43.54999923706055,43.54999923706055,43.54999923706055,1000,0.0,0.0
2025-02-19 04:00:00+00:00,43.849998474121094,43.900001525878906,43.849998474121094,43.900001525878906,3002,0.0,0.0
2025-02-19 05:00:00+00:00,43.900001525878906,43.900001525878906,43.70000076293945,43.70000076293945,9000,0.0,0.0
2025-02-19 05:20:00+00:00,43.900001525878906,43.900001525878906,43.75,43.75,2000,0.0,0.0
2025-02-20 01:00:00+00:00,43.20000076293945,43.20000076293945,43.20000076293945,43.20000076293945,0,0.0,0.0
2025-02-20 01:35:00+00:00,44.099998474121094,44.099998474121094,44.099998474121094,44.099998474121094,1001,0.0,0.0
2025-02-20 02:00:00+00:00,44.04999923706055,44.04999923706055,44.04999923706055,44.04999923706055,1000,0.0,0.0
2025-02-20 02:20:00+00:00,44.04999923706055,44.04999923706055,44.04999923706055,44.04999923706055,1000,0.0,0.0
2025-02-20 02:25:00+00:00,44.04999923706055,44.04999923706055,44.04999923706055,44.04999923706055,1000,0.0,0.0
2025-02-20 02:30:00+00:00,44.04999923706055,44.04999923706055,44.04999923706055,44.04999923706055,1000,0.0,0.0
2025-02-20 03:05:00+00:00,43.900001525878906,43.900001525878906,43.900001525878906,43.900001525878906,1000,0.0,0.0
2025-02-20 03:40:00+00:00,44.0,44.0,43.75,43.75,2000,0.0,0.0
2025-02-20 04:15:00+00:00,44.04999923706055,44.04999923706055,44.04999923706055,44.04999923706055,1000,0.0,0.0
2025-02-20 04:35:00+00:00,44.04999923706055,44.04999923706055,44.04999923706055,44.04999923706055,3000,0.0,0.0
2025-02-20 05:10:00+00:00,44.099998474121094,44.099998474121094,44.099998474121094,44.099998474121094,1000,0.0,0.0
2025-02-20 05:20:00+00:00,44.150001525878906,44.150001525878906,43.75,43.75,3000,0.0,0.0
2025-02-21 01:10:00+00:00,44.650001525878906,44.650001525878906,44.650001525878906,44.650001525878906,0,0.0,0.0
2025-02-21 02:55:00+00:00,44.349998474121094,44.349998474121094,44.349998474121094,44.349998474121094,1001,0.0,0.0
2025-02-21 03:20:00+00:00,44.45000076293945,44.5,44.45000076293945,44.5,2008,0.0,0.0
2025-02-21 03:40:00+00:00,44.599998474121094,44.650001525878906,44.599998474121094,44.650001525878906,3001,0.0,0.0
2025-02-21 03:45:00+00:00,44.650001525878906,44.650001525878906,44.650001525878906,44.650001525878906,1000,0.0,0.0
2025-02-21 03:50:00+00:00,44.650001525878906,44.650001525878906,44.400001525878906,44.400001525878906,3018,0.0,0.0
2025-02-21 04:15:00+00:00,44.400001525878906,44.400001525878906,44.400001525878906,44.400001525878906,1000,0.0,0.0
2025-02-21 04:25:00+00:00,44.400001525878906,44.400001525878906,44.400001525878906,44.400001525878906,2000,0.0,0.0
2025-02-21 04:30:00+00:00,43.95000076293945,43.95000076293945,43.95000076293945,43.95000076293945,1000,0.0,0.0
2025-02-21 05:05:00+00:00,44.0,44.0,44.0,44.0,1001,0.0,0.0
2025-02-21 05:20:00+00:00,44.400001525878906,44.5,44.400001525878906,44.5,5000,0.0,0.0
2025-02-24 01:00:00+00:00,44.20000076293945,44.20000076293945,44.20000076293945,44.20000076293945,0,0.0,0.0
2025-02-24 01:15:00+00:00,44.25,44.25,44.0,44.0,4004,0.0,0.0
2025-02-24 02:35:00+00:00,43.900001525878906,43.900001525878906,43.900001525878906,43.900001525878906,2002,0.0,0.0
2025-02-24 02:50:00+00:00,43.900001525878906,43.900001525878906,43.900001525878906,43.900001525878906,1000,0.0,0.0
2025-02-24 02:55:00+00:00,44.099998474121094,44.099998474121094,44.099998474121094,44.099998474121094,1000,0.0,0.0
2025-02-24 03:05:00+00:00,44.099998474121094,44.099998474121094,43.900001525878906,43.900001525878906,3001,0.0,0.0
2025-02-24 04:05:00+00:00,44.099998474121094,44.099998474121094,44.099998474121094,44.099998474121094,1038,0.0,0.0
2025-02-24 04:50:00+00:00,43.900001525878906,44.0,43.900001525878906,44.0,2000,0.0,0.0
2025-02-24 04:55:00+00:00,44.0,44.0,44.0,44.0,1000,0.0,0.0
2025-02-24 05:00:00+00:00,43.95000076293945,43.95000076293945,43.95000076293945,43.95000076293945,1000,0.0,0.0
2025-02-25 01:00:00+00:00,43.54999923706055,43.75,43.54999923706055,43.75,0,0.0,0.0
2025-02-25 01:05:00+00:00,43.599998474121094,43.599998474121094,43.54999923706055,43.54999923706055,3008,0.0,0.0
2025-02-25 01:25:00+00:00,43.54999923706055,43.54999923706055,43.54999923706055,43.54999923706055,3000,0.0,0.0
2025-02-25 01:30:00+00:00,43.54999923706055,43.54999923706055,43.54999923706055,43.54999923706055,1000,0.0,0.0
2025-02-25 01:50:00+00:00,43.54999923706055,43.54999923706055,43.54999923706055,43.54999923706055,1000,0.0,0.0
2025-02-25 02:00:00+00:00,43.5,43.70000076293945,43.5,43.70000076293945,4000,0.0,0.0
2025-02-25 02:15:00+00:00,43.70000076293945,43.70000076293945,43.70000076293945,43.70000076293945,2000,0.0,0.0
2025-02-25 03:00:00+00:00,43.650001525878906,43.650001525878906,43.650001525878906,43.650001525878906,1206,0.0,0.0
2025-02-25 03:10:00+00:00,43.650001525878906,43.650001525878906,43.650001525878906,43.650001525878906,1000,0.0,0.0
2025-02-25 03:20:00+00:00,43.70000076293945,43.70000076293945,43.650001525878906,43.650001525878906,3000,0.0,0.0
2025-02-25 03:40:00+00:00,43.70000076293945,43.70000076293945,43.70000076293945,43.70000076293945,1000,0.0,0.0
2025-02-25 03:45:00+00:00,43.75,43.75,43.75,43.75,1000,0.0,0.0
2025-02-25 04:05:00+00:00,43.75,43.75,43.75,43.75,1000,0.0,0.0
2025-02-25 04:10:00+00:00,43.79999923706055,43.79999923706055,43.79999923706055,43.79999923706055,1000,0.0,0.0
2025-02-25 04:25:00+00:00,43.75,43.75,43.75,43.75,1000,0.0,0.0
2025-02-25 04:40:00+00:00,43.70000076293945,43.70000076293945,43.70000076293945,43.70000076293945,1000,0.0,0.0
2025-02-25 04:50:00+00:00,43.650001525878906,43.650001525878906,43.54999923706055,43.54999923706055,3002,0.0,0.0
2025-02-25 05:05:00+00:00,43.5,43.5,43.45000076293945,43.45000076293945,5000,0.0,0.0
2025-02-26 01:30:00+00:00,43.45000076293945,43.45000076293945,43.45000076293945,43.45000076293945,0,0.0,0.0
2025-02-26 01:55:00+00:00,43.5,43.5,43.5,43.5,1000,0.0,0.0
2025-02-26 02:40:00+00:00,43.349998474121094,43.349998474121094,43.349998474121094,43.349998474121094,1033,0.0,0.0
2025-02-26 03:35:00+00:00,43.349998474121094,43.349998474121094,43.25,43.25,2000,0.0,0.0
2025-02-26 03:40:00+00:00,43.20000076293945,43.20000076293945,43.150001525878906,43.150001525878906,6000,0.0,0.0
2025-02-26 04:00:00+00:00,43.29999923706055,43.5,43.29999923706055,43.5,6000,0.0,0.0
2025-02-26 05:00:00+00:00,43.25,43.54999923706055,43.25,43.25,3001,0.0,0.0
2025-02-27 01:40:00+00:00,43.400001525878906,43.400001525878906,43.400001525878906,43.400001525878906,0,0.0,0.0
2025-02-27 02:10:00+00:00,43.29999923706055,43.29999923706055,43.25,43.25,3000,0.0,0.0
2025-02-27 02:40:00+00:00,43.400001525878906,43.400001525878906,43.400001525878906,43.400001525878906,1000,0.0,0.0
2025-02-27 02:45:00+00:00,43.29999923706055,43.400001525878906,43.29999923706055,43.400001525878906,3112,0.0,0.0
2025-02-27 03:50:00+00:00,43.45000076293945,43.45000076293945,43.45000076293945,43.45000076293945,3000,0.0,0.0
2025-02-27 04:05:00+00:00,43.400001525878906,43.400001525878906,43.400001525878906,43.400001525878906,1001,0.0,0.0
2025-02-27 05:00:00+00:00,43.29999923706055,43.29999923706055,43.29999923706055,43.29999923706055,4000,0.0,0.0
2025-02-27 05:10:00+00:00,43.25,43.25,43.25,43.25,4000,0.0,0.0
2025-02-27 05:20:00+00:00,43.349998474121094,43.349998474121094,43.349998474121094,43.349998474121094,1000,0.0,0.0
2025-03-03 01:50:00+00:00,43.099998474121094,43.099998474121094,43.099998474121094,43.099998474121094,0,0.0,0.0
2025-03-03 02:20:00+00:00,43.099998474121094,43.099998474121094,43.099998474121094,43.099998474121094,1033,0.0,0.0
2025-03-03 03:20:00+00:00,43.20000076293945,43.20000076293945,43.099998474121094,43.099998474121094,4000,0.0,0.0
2025-03-03 03:35:00+00:00,43.25,43.25,43.25,43.25,1025,0.0,0.0
2025-03-03 03:55:00+00:00,43.150001525878906,43.150001525878906,43.099998474121094,43.099998474121094,3000,0.0,0.0
2025-03-03 04:25:00+00:00,43.099998474121094,43.099998474121094,43.099998474121094,43.099998474121094,2000,0.0,0.0
2025-03-03 05:20:00+00:00,43.20000076293945,43.20000076293945,43.099998474121094,43.099998474121094,2046,0.0,0.0
2025-03-04 01:00:00+00:00,43.099998474121094,43.099998474121094,43.099998474121094,43.099998474121094,0,0.0,0.0
2025-03-04 01:10:00+00:00,42.349998474121094,42.349998474121094,42.29999923706055,42.29999923706055,2000,0.0,0.0
2025-03-04 01:15:00+00:00,42.29999923706055,42.29999923706055,42.29999923706055,42.29999923706055,2050,0.0,0.0
2025-03-04 01:30:00+00:00,42.5,42.5,42.5,42.5,1000,0.0,0.0
2025-03-04 01:50:00+00:00,42.5,42.5,42.5,42.5,1003,0.0,0.0
2025-03-04 02:10:00+00:00,42.45000076293945,42.54999923706055,42.45000076293945,42.54999923706055,3000,0.0,0.0
2025-03-04 02:40:00+00:00,42.849998474121094,42.849998474121094,42.849998474121094,42.849998474121094,2000,0.0,0.0
2025-03-04 03:00:00+00:00,42.599998474121094,42.599998474121094,42.599998474121094,42.599998474121094,1000,0.0,0.0
2025-03-04 03:10:00+00:00,42.599998474121094,42.599998474121094,42.599998474121094,42.599998474121094,2214,0.0,0.0
2025-03-04 03:30:00+00:00,42.599998474121094,42.599998474121094,42.599998474121094,42.599998474121094,1021,0.0,0.0
2025-03-04 04:40:00+00:00,42.70000076293945,42.70000076293945,42.70000076293945,42.70000076293945,2002,0.0,0.0
2025-03-04 05:10:00+00:00,42.75,42.75,42.75,42.75,1000,0.0,0.0
2025-03-05 01:00:00+00:00,44.5,45.20000076293945,44.099998474121094,45.20000076293945,12710,0.0,0.0
2025-03-05 01:05:00+00:00,45.0,45.0,44.099998474121094,44.099998474121094,16000,0.0,0.0
2025-03-05 01:10:00+00:00,44.650001525878906,44.650001525878906,43.849998474121094,43.849998474121094,10000,0.0,0.0
2025-03-05 01:15:00+00:00,43.849998474121094,44.45000076293945,43.849998474121094,44.45000076293945,15050,0.0,0.0
2025-03-05 01:25:00+00:00,44.400001525878906,44.45000076293945,44.150001525878906,44.150001525878906,10090,0.0,0.0
2025-03-05 01:40:00+00:00,44.150001525878906,44.150001525878906,44.0,44.0,4171,0.0,0.0
2025-03-05 01:45:00+00:00,44.04999923706055,44.04999923706055,43.900001525878906,43.900001525878906,16000,0.0,0.0
2025-03-05 01:55:00+00:00,43.900001525878906,43.900001525878906,43.900001525878906,43.900001525878906,1000,0.0,0.0
2025-03-05 02:05:00+00:00,44.0,44.0,43.79999923706055,44.0,73025,0.0,0.0
2025-03-05 02:30:00+00:00,44.29999923706055,44.29999923706055,44.0,44.0,2186,0.0,0.0
2025-03-05 03:05:00+00:00,44.0,44.0,44.0,44.0,5000,0.0,0.0
2025-03-05 03:20:00+00:00,44.25,44.45000076293945,44.25,44.45000076293945,5030,0.0,0.0
2025-03-05 03:25:00+00:00,44.20000076293945,44.20000076293945,44.0,44.0,23017,0.0,0.0
2025-03-05 04:05:00+00:00,44.0,44.0,44.0,44.0,6000,0.0,0.0
2025-03-05 04:30:00+00:00,44.099998474121094,44.099998474121094,43.95000076293945,43.95000076293945,3000,0.0,0.0
2025-03-05 05:00:00+00:00,43.95000076293945,43.95000076293945,43.900001525878906,43.900001525878906,10100,0.0,0.0
2025-03-05 05:10:00+00:00,44.0,44.0,44.0,44.0,3000,0.0,0.0
2025-03-05 05:20:00+00:00,44.0,44.25,44.0,44.25,6000,0.0,0.0
2025-03-06 01:15:00+00:00,44.29999923706055,44.29999923706055,44.25,44.25,0,0.0,0.0
2025-03-06 01:50:00+00:00,44.20000076293945,44.20000076293945,44.20000076293945,44.20000076293945,1109,0.0,0.0
2025-03-06 03:10:00+00:00,44.04999923706055,44.04999923706055,44.04999923706055,44.04999923706055,2000,0.0,0.0
2025-03-06 04:05:00+00:00,44.04999923706055,44.04999923706055,44.04999923706055,44.04999923706055,2000,0.0,0.0
2025-03-06 04:15:00+00:00,44.150001525878906,44.150001525878906,44.150001525878906,44.150001525878906,1000,0.0,0.0
2025-03-06 04:30:00+00:00,44.0,44.0,44.0,44.0,2000,0.0,0.0
2025-03-06 04:35:00+00:00,44.099998474121094,44.099998474121094,44.0,44.0,2013,0.0,0.0
2025-03-06 04:55:00+00:00,43.95000076293945,43.95000076293945,43.849998474121094,43.849998474121094,7000,0.0,0.0
2025-03-06 05:20:00+00:00,43.95000076293945,43.95000076293945,43.95000076293945,43.95000076293945,1000,0.0,0.0
2025-03-07 01:00:00+00:00,44.0,44.0,44.0,44.0,0,0.0,0.0
2025-03-07 01:20:00+00:00,44.0,44.0,44.0,44.0,1000,0.0,0.0
2025-03-07 01:40:00+00:00,43.5,43.5,43.5,43.5,1000,0.0,0.0
2025-03-07 01:50:00+00:00,43.5,43.5,43.45000076293945,43.45000076293945,2001,0.0,0.0
2025-03-07 02:15:00+00:00,43.54999923706055,43.54999923706055,43.54999923706055,43.54999923706055,3000,0.0,0.0
2025-03-07 02:35:00+00:00,43.54999923706055,43.54999923706055,43.400001525878906,43.5,14002,0.0,0.0
2025-03-07 02:40:00+00:00,43.5,43.5,43.5,43.5,3000,0.0,0.0
2025-03-07 02:55:00+00:00,43.400001525878906,43.400001525878906,43.29999923706055,43.29999923706055,35000,0.0,0.0
2025-03-07 04:05:00+00:00,43.29999923706055,43.29999923706055,43.29999923706055,43.29999923706055,1001,0.0,0.0
2025-03-07 04:45:00+00:00,43.400001525878906,43.400001525878906,43.400001525878906,43.400001525878906,1000,0.0,0.0
2025-03-07 04:55:00+00:00,43.400001525878906,43.54999923706055,43.400001525878906,43.54999923706055,10000,0.0,0.0
2025-03-07 05:00:00+00:00,43.400001525878906,43.400001525878906,43.400001525878906,43.400001525878906,1000,0.0,0.0
2025-03-07 05:10:00+00:00,43.400001525878906,43.400001525878906,43.400001525878906,43.400001525878906,1001,0.0,0.0
2025-03-07 05:20:00+00:00,43.349998474121094,43.349998474121094,43.25,43.25,8000,0.0,0.0
2025-03-10 01:05:00+00:00,43.349998474121094,43.349998474121094,43.04999923706055,43.04999923706055,7007,0.0,0.0
2025-03-10 01:15:00+00:00,43.25,43.25,43.25,43.25,6000,0.0,0.0
2025-03-10 01:20:00+00:00,43.150001525878906,43.150001525878906,43.099998474121094,43.099998474121094,5000,0.0,0.0
2025-03-10 01:25:00+00:00,43.54999923706055,43.54999923706055,43.54999923706055,43.54999923706055,1000,0.0,0.0
2025-03-10 01:35:00+00:00,43.599998474121094,43.599998474121094,43.099998474121094,43.099998474121094,6001,0.0,0.0
2025-03-10 01:45:00+00:00,43.150001525878906,43.150001525878906,43.150001525878906,43.150001525878906,3000,0.0,0.0
2025-03-10 02:15:00+00:00,43.150001525878906,43.20000076293945,43.150001525878906,43.20000076293945,4000,0.0,0.0
2025-03-10 02:50:00+00:00,43.25,43.25,43.25,43.25,2000,0.0,0.0
2025-03-10 03:10:00+00:00,43.20000076293945,43.20000076293945,43.150001525878906,43.150001525878906,6000,0.0,0.0
2025-03-10 03:25:00+00:00,43.25,43.25,43.25,43.25,3000,0.0,0.0
2025-03-10 03:40:00+00:00,43.20000076293945,43.20000076293945,43.20000076293945,43.20000076293945,1047,0.0,0.0
2025-03-10 04:10:00+00:00,43.150001525878906,43.150001525878906,43.099998474121094,43.099998474121094,8543,0.0,0.0
2025-03-10 05:10:00+00:00,43.20000076293945,43.20000076293945,43.04999923706055,43.04999923706055,2000,0.0,0.0
2025-03-10 05:15:00+00:00,43.20000076293945,43.25,43.20000076293945,43.20000076293945,13000,0.0,0.0
2025-03-11 01:00:00+00:00,42.849998474121094,42.900001525878906,42.849998474121094,42.900001525878906,0,0.0,0.0
2025-03-11 01:05:00+00:00,42.900001525878906,42.900001525878906,42.20000076293945,42.20000076293945,11522,0.0,0.0
2025-03-11 01:10:00+00:00,42.25,42.25,42.20000076293945,42.25,4001,0.0,0.0
2025-03-11 01:15:00+00:00,42.45000076293945,42.45000076293945,42.349998474121094,42.349998474121094,4000,0.0,0.0
2025-03-11 01:25:00+00:00,42.349998474121094,42.400001525878906,42.29999923706055,42.349998474121094,6000,0.0,0.0
2025-03-11 01:30:00+00:00,42.400001525878906,42.400001525878906,42.400001525878906,42.400001525878906,1000,0.0,0.0
2025-03-11 01:50:00+00:00,42.79999923706055,42.79999923706055,42.5,42.5,2032,0.0,0.0
2025-03-11 04:20:00+00:00,42.79999923706055,42.79999923706055,42.79999923706055,42.79999923706055,1000,0.0,0.0
2025-03-11 04:55:00+00:00,42.79999923706055,42.79999923706055,42.79999923706055,42.79999923706055,1000,0.0,0.0
2025-03-12 01:00:00+00:00,43.099998474121094,43.099998474121094,43.0,43.0,2000,0.0,0.0
2025-03-12 01:05:00+00:00,43.099998474121094,43.5,43.04999923706055,43.5,10002,0.0,0.0
2025-03-12 01:10:00+00:00,43.150001525878906,43.150001525878906,43.150001525878906,43.150001525878906,2000,0.0,0.0
2025-03-12 01:15:00+00:00,43.150001525878906,43.20000076293945,43.099998474121094,43.099998474121094,5000,0.0,0.0
2025-03-12 01:20:00+00:00,43.400001525878906,43.400001525878906,43.400001525878906,43.400001525878906,2000,0.0,0.0
2025-03-12 01:25:00+00:00,43.45000076293945,43.45000076293945,43.45000076293945,43.45000076293945,1000,0.0,0.0
2025-03-12 01:30:00+00:00,43.25,43.29999923706055,43.25,43.29999923706055,3000,0.0,0.0
2025-03-12 01:35:00+00:00,43.25,43.25,43.25,43.25,2000,0.0,0.0
2025-03-12 01:40:00+00:00,43.349998474121094,43.45000076293945,43.349998474121094,43.45000076293945,5001,0.0,0.0
2025-03-12 01:45:00+00:00,43.349998474121094,43.349998474121094,43.349998474121094,43.349998474121094,1000,0.0,0.0
2025-03-12 02:20:00+00:00,43.400001525878906,43.400001525878906,43.400001525878906,43.400001525878906,2000,0.0,0.0
2025-03-12 02:30:00+00:00,43.400001525878906,43.400001525878906,43.400001525878906,43.400001525878906,1000,0.0,0.0
2025-03-12 02:35:00+00:00,43.400001525878906,43.400001525878906,43.349998474121094,43.349998474121094,11000,0.0,0.0
2025-03-12 03:10:00+00:00,43.599998474121094,43.70000076293945,43.599998474121094,43.70000076293945,4000,0.0,0.0
2025-03-12 03:15:00+00:00,43.79999923706055,43.95000076293945,43.79999923706055,43.95000076293945,8197,0.0,0.0
2025-03-12 03:30:00+00:00,44.150001525878906,44.150001525878906,44.150001525878906,44.150001525878906,1050,0.0,0.0
2025-03-12 03:40:00+00:00,44.0,44.0,44.0,44.0,1000,0.0,0.0
2025-03-12 03:45:00+00:00,43.900001525878906,43.900001525878906,43.900001525878906,43.900001525878906,2000,0.0,0.0
2025-03-12 04:00:00+00:00,43.900001525878906,43.900001525878906,43.900001525878906,43.900001525878906,1000,0.0,0.0
2025-03-12 04:05:00+00:00,43.900001525878906,43.900001525878906,43.900001525878906,43.900001525878906,5000,0.0,0.0
2025-03-12 04:10:00+00:00,43.900001525878906,44.04999923706055,43.900001525878906,44.04999923706055,5000,0.0,0.0
2025-03-12 04:15:00+00:00,44.04999923706055,44.400001525878906,44.0,44.400001525878906,24273,0.0,0.0
2025-03-12 04:20:00+00:00,44.349998474121094,44.400001525878906,44.349998474121094,44.349998474121094,4000,0.0,0.0
2025-03-12 04:25:00+00:00,44.150001525878906,44.150001525878906,44.0,44.0,5000,0.0,0.0
2025-03-12 04:30:00+00:00,44.0,44.0,43.849998474121094,43.849998474121094,7000,0.0,0.0
2025-03-12 04:35:00+00:00,43.79999923706055,43.79999923706055,43.650001525878906,43.650001525878906,6002,0.0,0.0
2025-03-12 04:40:00+00:00,43.650001525878906,43.650001525878906,43.400001525878906,43.400001525878906,4000,0.0,0.0
2025-03-12 04:45:00+00:00,43.70000076293945,43.70000076293945,43.70000076293945,43.70000076293945,3000,0.0,0.0
2025-03-12 04:50:00+00:00,43.599998474121094,43.599998474121094,43.599998474121094,43.599998474121094,2000,0.0,0.0
2025-03-12 04:55:00+00:00,43.70000076293945,43.95000076293945,43.70000076293945,43.849998474121094,12000,0.0,0.0
2025-03-12 05:00:00+00:00,43.79999923706055,43.79999923706055,43.75,43.75,8000,0.0,0.0
2025-03-12 05:05:00+00:00,43.79999923706055,43.79999923706055,43.70000076293945,43.70000076293945,4000,0.0,0.0
2025-03-12 05:10:00+00:00,43.70000076293945,43.75,43.70000076293945,43.75,7000,0.0,0.0
2025-03-12 05:15:00+00:00,43.79999923706055,43.79999923706055,43.70000076293945,43.70000076293945,3000,0.0,0.0
2025-03-12 05:20:00+00:00,43.70000076293945,43.70000076293945,43.70000076293945,43.70000076293945,5000,0.0,0.0
2025-03-13 01:10:00+00:00,43.79999923706055,43.79999923706055,43.79999923706055,43.79999923706055,1006,0.0,0.0
2025-03-13 01:25:00+00:00,43.79999923706055,43.79999923706055,43.79999923706055,43.79999923706055,1000,0.0,0.0
2025-03-13 01:40:00+00:00,44.099998474121094,44.099998474121094,44.099998474121094,44.099998474121094,1000,0.0,0.0
2025-03-13 01:45:00+00:00,43.79999923706055,43.79999923706055,43.70000076293945,43.70000076293945,6050,0.0,0.0
2025-03-13 01:50:00+00:00,43.70000076293945,43.70000076293945,43.70000076293945,43.70000076293945,1000,0.0,0.0
2025-03-13 02:00:00+00:00,43.75,43.75,43.70000076293945,43.70000076293945,7000,0.0,0.0
2025-03-13 02:10:00+00:00,43.70000076293945,43.70000076293945,43.70000076293945,43.70000076293945,15076,0.0,0.0
2025-03-13 02:20:00+00:00,43.70000076293945,43.70000076293945,43.70000076293945,43.70000076293945,9001,0.0,0.0
2025-03-13 02:30:00+00:00,43.70000076293945,43.70000076293945,43.70000076293945,43.70000076293945,1001,0.0,0.0
2025-03-13 03:20:00+00:00,43.75,43.75,43.75,43.75,1000,0.0,0.0
2025-03-13 03:50:00+00:00,43.650001525878906,43.650001525878906,43.650001525878906,43.650001525878906,1000,0.0,0.0
2025-03-13 04:00:00+00:00,43.650001525878906,43.650001525878906,43.650001525878906,43.650001525878906,1000,0.0,0.0
2025-03-13 04:10:00+00:00,43.599998474121094,43.599998474121094,43.599998474121094,43.599998474121094,8002,0.0,0.0
2025-03-13 04:30:00+00:00,43.54999923706055,43.54999923706055,43.54999923706055,43.54999923706055,1000,0.0,0.0
2025-03-13 05:05:00+00:00,43.54999923706055,43.54999923706055,43.54999923706055,43.54999923706055,2150,0.0,0.0
2025-03-14 01:00:00+00:00,43.650001525878906,43.650001525878906,43.650001525878906,43.650001525878906,0,0.0,0.0
2025-03-14 01:05:00+00:00,43.95000076293945,43.95000076293945,43.95000076293945,43.95000076293945,2003,0.0,0.0
2025-03-14 02:15:00+00:00,43.79999923706055,43.79999923706055,43.79999923706055,43.79999923706055,1001,0.0,0.0
2025-03-14 02:30:00+00:00,43.5,43.5,43.5,43.5,1000,0.0,0.0
2025-03-14 02:45:00+00:00,43.70000076293945,43.70000076293945,43.70000076293945,43.70000076293945,1002,0.0,0.0
2025-03-14 03:20:00+00:00,43.75,43.75,43.70000076293945,43.70000076293945,2000,0.0,0.0
2025-03-14 03:40:00+00:00,43.70000076293945,43.70000076293945,43.70000076293945,43.70000076293945,1000,0.0,0.0
2025-03-14 04:15:00+00:00,43.70000076293945,43.70000076293945,43.70000076293945,43.70000076293945,3000,0.0,0.0
2025-03-14 04:25:00+00:00,43.70000076293945,43.70000076293945,43.70000076293945,43.70000076293945,1001,0.0,0.0
2025-03-14 04:50:00+00:00,43.75,43.75,43.75,43.75,3004,0.0,0.0
2025-03-14 05:05:00+00:00,43.650001525878906,43.650001525878906,43.650001525878906,43.650001525878906,1000,0.0,0.0
2025-03-17 01:00:00+00:00,43.70000076293945,43.70000076293945,43.599998474121094,43.599998474121094,0,0.0,0.0
2025-03-17 01:15:00+00:00,43.650001525878906,43.70000076293945,43.599998474121094,43.70000076293945,5000,0.0,0.0
2025-03-17 01:20:00+00:00,43.75,43.75,43.54999923706055,43.54999923706055,3000,0.0,0.0
2025-03-17 01:40:00+00:00,43.75,43.75,43.54999923706055,43.54999923706055,3000,0.0,0.0
2025-03-17 01:45:00+00:00,43.70000076293945,43.70000076293945,43.70000076293945,43.70000076293945,1000,0.0,0.0
2025-03-17 01:50:00+00:00,43.70000076293945,43.70000076293945,43.54999923706055,43.54999923706055,2001,0.0,0.0
2025-03-17 02:10:00+00:00,43.70000076293945,43.70000076293945,43.70000076293945,43.70000076293945,1000,0.0,0.0
2025-03-17 02:25:00+00:00,43.70000076293945,43.70000076293945,43.70000076293945,43.70000076293945,3050,0.0,0.0
2025-03-17 02:35:00+00:00,43.75,43.75,43.75,43.75,1000,0.0,0.0
2025-03-17 02:40:00+00:00,43.75,43.75,43.75,43.75,1000,0.0,0.0
2025-03-17 02:45:00+00:00,43.70000076293945,43.70000076293945,43.70000076293945,43.70000076293945,1011,0.0,0.0
2025-03-17 02:55:00+00:00,43.70000076293945,43.70000076293945,43.599998474121094,43.599998474121094,2000,0.0,0.0
2025-03-17 03:20:00+00:00,43.70000076293945,43.70000076293945,43.70000076293945,43.70000076293945,1001,0.0,0.0
2025-03-17 04:05:00+00:00,43.70000076293945,43.70000076293945,43.599998474121094,43.599998474121094,2000,0.0,0.0
2025-03-17 04:15:00+00:00,43.75,43.75,43.599998474121094,43.599998474121094,3001,0.0,0.0
2025-03-17 04:40:00+00:00,43.75,43.75,43.75,43.75,2000,0.0,0.0
2025-03-17 04:50:00+00:00,43.70000076293945,43.70000076293945,43.70000076293945,43.70000076293945,3000,0.0,0.0
2025-03-17 05:00:00+00:00,43.70000076293945,43.70000076293945,43.70000076293945,43.70000076293945,3357,0.0,0.0
2025-03-17 05:05:00+00:00,43.70000076293945,43.79999923706055,43.599998474121094,43.70000076293945,6037,0.0,0.0
2025-03-17 05:15:00+00:00,43.75,43.75,43.75,43.75,4000,0.0,0.0
2025-03-17 05:20:00+00:00,43.70000076293945,43.79999923706055,43.599998474121094,43.650001525878906,7000,0.0,0.0
2025-03-18 01:10:00+00:00,44.54999923706055,44.650001525878906,44.54999923706055,44.54999923706055,6000,0.0,0.0
2025-03-18 01:25:00+00:00,44.349998474121094,44.349998474121094,44.349998474121094,44.349998474121094,1000,0.0,0.0
2025-03-18 01:30:00+00:00,44.20000076293945,44.20000076293945,44.20000076293945,44.20000076293945,1000,0.0,0.0
2025-03-18 01:45:00+00:00,44.0,44.0,43.599998474121094,43.75,16000,0.0,0.0
2025-03-18 02:05:00+00:00,43.900001525878906,43.900001525878906,43.900001525878906,43.900001525878906,3111,0.0,0.0
2025-03-18 03:55:00+00:00,43.95000076293945,44.0,43.95000076293945,44.0,2002,0.0,0.0
2025-03-18 05:20:00+00:00,43.849998474121094,43.849998474121094,43.849998474121094,43.849998474121094,1000,0.0,0.0
2025-03-19 01:00:00+00:00,43.75,43.75,43.75,43.75,0,0.0,0.0
2025-03-19 01:35:00+00:00,43.849998474121094,43.849998474121094,43.849998474121094,43.849998474121094,3000,0.0,0.0
2025-03-19 01:45:00+00:00,43.900001525878906,43.900001525878906,43.900001525878906,43.900001525878906,1000,0.0,0.0
2025-03-19 02:05:00+00:00,43.95000076293945,43.95000076293945,43.95000076293945,43.95000076293945,1000,0.0,0.0
2025-03-19 02:10:00+00:00,43.79999923706055,43.79999923706055,43.75,43.75,2047,0.0,0.0
2025-03-19 02:30:00+00:00,43.70000076293945,43.70000076293945,43.70000076293945,43.70000076293945,1000,0.0,0.0
2025-03-19 02:35:00+00:00,43.70000076293945,43.70000076293945,43.70000076293945,43.70000076293945,1001,0.0,0.0
2025-03-19 03:05:00+00:00,43.650001525878906,43.650001525878906,43.599998474121094,43.599998474121094,11520,0.0,0.0
2025-03-19 03:45:00+00:00,43.599998474121094,43.599998474121094,43.599998474121094,43.599998474121094,1002,0.0,0.0
2025-03-19 04:35:00+00:00,43.70000076293945,43.70000076293945,43.70000076293945,43.70000076293945,3001,0.0,0.0
2025-03-19 05:00:00+00:00,43.849998474121094,43.849998474121094,43.849998474121094,43.849998474121094,1000,0.0,0.0
2025-03-19 05:05:00+00:00,43.849998474121094,43.849998474121094,43.849998474121094,43.849998474121094,1000,0.0,0.0
2025-03-19 05:10:00+00:00,43.849998474121094,43.849998474121094,43.79999923706055,43.79999923706055,8000,0.0,0.0
2025-03-19 05:15:00+00:00,43.79999923706055,43.849998474121094,43.75,43.849998474121094,14000,0.0,0.0
2025-03-19 05:20:00+00:00,43.79999923706055,43.849998474121094,43.75,43.75,3000,0.0,0.0
2025-03-20 01:05:00+00:00,44.349998474121094,44.349998474121094,44.25,44.25,0,0.0,0.0
2025-03-20 01:10:00+00:00,44.45000076293945,44.45000076293945,44.45000076293945,44.45000076293945,1001,0.0,0.0
2025-03-20 01:15:00+00:00,44.400001525878906,44.400001525878906,44.400001525878906,44.400001525878906,2001,0.0,0.0
2025-03-20 03:05:00+00:00,44.29999923706055,44.29999923706055,44.29999923706055,44.29999923706055,1000,0.0,0.0
2025-03-20 03:10:00+00:00,44.25,44.25,44.25,44.25,1551,0.0,0.0
2025-03-20 03:20:00+00:00,44.25,44.29999923706055,43.95000076293945,44.29999923706055,8003,0.0,0.0
2025-03-20 03:35:00+00:00,44.29999923706055,44.400001525878906,43.95000076293945,43.95000076293945,15000,0.0,0.0
2025-03-20 03:45:00+00:00,44.349998474121094,44.349998474121094,44.349998474121094,44.349998474121094,1177,0.0,0.0
2025-03-20 03:55:00+00:00,44.349998474121094,44.349998474121094,44.349998474121094,44.349998474121094,1000,0.0,0.0
2025-03-20 04:00:00+00:00,44.349998474121094,44.349998474121094,44.349998474121094,44.349998474121094,1000,0.0,0.0
2025-03-20 04:10:00+00:00,44.349998474121094,44.349998474121094,44.349998474121094,44.349998474121094,1000,0.0,0.0
2025-03-20 04:20:00+00:00,44.349998474121094,44.349998474121094,44.349998474121094,44.349998474121094,1000,0.0,0.0
2025-03-20 04:30:00+00:00,44.349998474121094,44.349998474121094,44.349998474121094,44.349998474121094,1001,0.0,0.0
2025-03-20 04:35:00+00:00,44.349998474121094,44.349998474121094,44.349998474121094,44.349998474121094,1000,0.0,0.0
2025-03-20 04:50:00+00:00,44.349998474121094,44.349998474121094,44.349998474121094,44.349998474121094,1000,0.0,0.0
2025-03-20 04:55:00+00:00,44.349998474121094,44.349998474121094,44.349998474121094,44.349998474121094,1000,0.0,0.0
2025-03-20 05:05:00+00:00,44.400001525878906,44.45000076293945,44.29999923706055,44.29999923706055,12000,0.0,0.0
2025-03-20 05:10:00+00:00,44.349998474121094,44.349998474121094,44.349998474121094,44.349998474121094,1000,0.0,0.0
2025-03-20 05:20:00+00:00,44.349998474121094,44.400001525878906,44.349998474121094,44.400001525878906,2000,0.0,0.0
2025-03-21 01:15:00+00:00,44.0,44.0,44.0,44.0,1000,0.0,0.0
2025-03-21 01:25:00+00:00,44.0,44.0,44.0,44.0,2000,0.0,0.0
2025-03-21 01:30:00+00:00,44.0,44.0,44.0,44.0,2000,0.0,0.0
2025-03-21 01:35:00+00:00,44.0,44.0,44.0,44.0,1251,0.0,0.0
2025-03-21 01:50:00+00:00,44.0,44.0,44.0,44.0,3000,0.0,0.0
2025-03-21 01:55:00+00:00,43.95000076293945,44.04999923706055,43.95000076293945,44.04999923706055,5000,0.0,0.0
2025-03-21 02:00:00+00:00,44.0,44.0,43.650001525878906,43.650001525878906,11000,0.0,0.0
2025-03-21 02:10:00+00:00,43.75,43.75,43.75,43.75,1001,0.0,0.0
2025-03-21 03:05:00+00:00,44.0,44.0,44.0,44.0,1000,0.0,0.0
2025-03-21 03:10:00+00:00,44.0,44.0,44.0,44.0,1000,0.0,0.0
2025-03-21 03:15:00+00:00,43.75,43.75,43.75,43.75,1003,0.0,0.0
2025-03-21 03:55:00+00:00,43.849998474121094,43.849998474121094,43.849998474121094,43.849998474121094,1001,0.0,0.0
2025-03-21 04:00:00+00:00,44.0,44.0,44.0,44.0,1000,0.0,0.0
2025-03-21 04:50:00+00:00,43.849998474121094,43.849998474121094,43.849998474121094,43.849998474121094,1000,0.0,0.0
2025-03-21 04:55:00+00:00,43.849998474121094,44.0,43.849998474121094,44.0,4000,0.0,0.0
2025-03-21 05:00:00+00:00,44.0,44.0,44.0,44.0,2000,0.0,0.0
2025-03-21 05:05:00+00:00,44.0,44.04999923706055,43.79999923706055,44.04999923706055,8000,0.0,0.0
2025-03-21 05:10:00+00:00,43.900001525878906,43.900001525878906,43.849998474121094,43.849998474121094,2000,0.0,0.0
2025-03-21 05:15:00+00:00,43.849998474121094,43.849998474121094,43.849998474121094,43.849998474121094,3001,0.0,0.0
2025-03-21 05:20:00+00:00,44.0,44.0,44.0,44.0,3000,0.0,0.0
2025-03-24 01:00:00+00:00,43.900001525878906,43.900001525878906,43.900001525878906,43.900001525878906,0,0.0,0.0
2025-03-24 01:25:00+00:00,44.29999923706055,44.29999923706055,44.29999923706055,44.29999923706055,2533,0.0,0.0
2025-03-24 02:20:00+00:00,44.29999923706055,44.29999923706055,44.29999923706055,44.29999923706055,1000,0.0,0.0
2025-03-24 02:30:00+00:00,44.20000076293945,44.20000076293945,44.20000076293945,44.20000076293945,1010,0.0,0.0
2025-03-24 03:30:00+00:00,44.099998474121094,44.099998474121094,44.099998474121094,44.099998474121094,2090,0.0,0.0
2025-03-24 04:10:00+00:00,44.099998474121094,44.099998474121094,44.04999923706055,44.04999923706055,2000,0.0,0.0
2025-03-24 04:35:00+00:00,44.099998474121094,44.099998474121094,44.04999923706055,44.04999923706055,5000,0.0,0.0
2025-03-24 05:20:00+00:00,44.150001525878906,44.150001525878906,44.099998474121094,44.099998474121094,2000,0.0,0.0
2025-03-25 01:30:00+00:00,44.099998474121094,44.099998474121094,44.099998474121094,44.099998474121094,1201,0.0,0.0
2025-03-25 03:15:00+00:00,43.95000076293945,43.95000076293945,43.95000076293945,43.95000076293945,2000,0.0,0.0
2025-03-25 03:55:00+00:00,43.95000076293945,43.95000076293945,43.95000076293945,43.95000076293945,1003,0.0,0.0
2025-03-25 05:20:00+00:00,44.0,44.0,44.0,44.0,1048,0.0,0.0
2025-03-26 01:20:00+00:00,44.04999923706055,44.04999923706055,44.04999923706055,44.04999923706055,1000,0.0,0.0
2025-03-26 01:35:00+00:00,44.0,44.0,44.0,44.0,1001,0.0,0.0
2025-03-26 02:30:00+00:00,44.0,44.0,44.0,44.0,2000,0.0,0.0
2025-03-26 02:55:00+00:00,43.95000076293945,43.95000076293945,43.95000076293945,43.95000076293945,1000,0.0,0.0
2025-03-26 03:30:00+00:00,43.95000076293945,43.95000076293945,43.900001525878906,43.900001525878906,3071,0.0,0.0
2025-03-26 04:00:00+00:00,43.849998474121094,43.849998474121094,43.849998474121094,43.849998474121094,1000,0.0,0.0
2025-03-26 04:35:00+00:00,43.79999923706055,43.79999923706055,43.79999923706055,43.79999923706055,2000,0.0,0.0
2025-03-26 05:00:00+00:00,43.849998474121094,43.849998474121094,43.849998474121094,43.849998474121094,1000,0.0,0.0
2025-03-26 05:05:00+00:00,43.849998474121094,43.849998474121094,43.849998474121094,43.849998474121094,1000,0.0,0.0
2025-03-26 05:15:00+00:00,43.849998474121094,43.849998474121094,43.849998474121094,43.849998474121094,1000,0.0,0.0
2025-03-26 05:20:00+00:00,43.849998474121094,43.849998474121094,43.849998474121094,43.849998474121094,3001,0.0,0.0
2025-03-27 01:00:00+00:00,43.900001525878906,43.900001525878906,43.900001525878906,43.900001525878906,0,0.0,0.0
2025-03-27 01:15:00+00:00,43.900001525878906,43.900001525878906,43.849998474121094,43.849998474121094,4000,0.0,0.0
2025-03-27 01:25:00+00:00,43.79999923706055,43.79999923706055,43.79999923706055,43.79999923706055,3000,0.0,0.0
2025-03-27 01:40:00+00:00,43.79999923706055,43.79999923706055,43.79999923706055,43.79999923706055,1000,0.0,0.0
2025-03-27 02:45:00+00:00,43.79999923706055,43.79999923706055,43.79999923706055,43.79999923706055,5000,0.0,0.0
2025-03-27 02:50:00+00:00,43.79999923706055,43.79999923706055,43.79999923706055,43.79999923706055,3000,0.0,0.0
2025-03-27 03:05:00+00:00,43.79999923706055,43.79999923706055,43.79999923706055,43.79999923706055,1000,0.0,0.0
2025-03-27 03:35:00+00:00,43.849998474121094,43.849998474121094,43.849998474121094,43.849998474121094,1001,0.0,0.0
2025-03-27 04:20:00+00:00,43.79999923706055,43.79999923706055,43.79999923706055,43.79999923706055,13001,0.0,0.0
2025-03-27 04:55:00+00:00,43.79999923706055,43.79999923706055,43.79999923706055,43.79999923706055,6000,0.0,0.0
2025-03-28 01:00:00+00:00,44.599998474121094,44.599998474121094,43.79999923706055,43.79999923706055,0,0.0,0.0
2025-03-28 01:05:00+00:00,43.75,43.75,43.75,43.75,1000,0.0,0.0
2025-03-28 01:10:00+00:00,43.75,43.75,43.75,43.75,1001,0.0,0.0
2025-03-28 01:20:00+00:00,43.70000076293945,43.70000076293945,43.70000076293945,43.70000076293945,1000,0.0,0.0
2025-03-28 01:25:00+00:00,43.70000076293945,43.70000076293945,43.70000076293945,43.70000076293945,1000,0.0,0.0
2025-03-28 01:40:00+00:00,43.79999923706055,43.79999923706055,43.70000076293945,43.70000076293945,2000,0.0,0.0
2025-03-28 01:50:00+00:00,43.650001525878906,43.650001525878906,43.599998474121094,43.599998474121094,4000,0.0,0.0
2025-03-28 01:55:00+00:00,43.599998474121094,43.599998474121094,43.599998474121094,43.599998474121094,3030,0.0,0.0
2025-03-28 02:20:00+00:00,43.54999923706055,43.54999923706055,41.900001525878906,42.75,26000,0.0,0.0
2025-03-28 02:25:00+00:00,43.20000076293945,43.349998474121094,43.0,43.0,4000,0.0,0.0
2025-03-28 03:20:00+00:00,43.20000076293945,43.20000076293945,43.20000076293945,43.20000076293945,2000,0.0,0.0
2025-03-28 03:35:00+00:00,43.04999923706055,43.04999923706055,43.04999923706055,43.04999923706055,1000,0.0,0.0
2025-03-28 03:45:00+00:00,43.04999923706055,43.04999923706055,43.04999923706055,43.04999923706055,3000,0.0,0.0
2025-03-28 04:00:00+00:00,43.0,43.0,43.0,43.0,1000,0.0,0.0
2025-03-28 04:30:00+00:00,43.04999923706055,43.04999923706055,43.0,43.0,11000,0.0,0.0
2025-03-28 05:00:00+00:00,43.20000076293945,43.25,43.20000076293945,43.25,6000,0.0,0.0
2025-03-28 05:05:00+00:00,43.25,43.29999923706055,43.25,43.29999923706055,11000,0.0,0.0
2025-03-28 05:15:00+00:00,43.25,43.29999923706055,43.25,43.29999923706055,11000,0.0,0.0
2025-03-31 01:00:00+00:00,42.45000076293945,42.45000076293945,42.45000076293945,42.45000076293945,0,0.0,0.0
2025-03-31 01:20:00+00:00,42.349998474121094,42.349998474121094,42.349998474121094,42.349998474121094,1000,0.0,0.0
2025-03-31 01:25:00+00:00,42.29999923706055,42.29999923706055,42.29999923706055,42.29999923706055,2050,0.0,0.0
2025-03-31 01:30:00+00:00,42.29999923706055,42.29999923706055,42.29999923706055,42.29999923706055,1000,0.0,0.0
2025-03-31 01:35:00+00:00,42.45000076293945,42.45000076293945,42.25,42.25,4003,0.0,0.0
2025-03-31 02:10:00+00:00,42.400001525878906,42.400001525878906,42.400001525878906,42.400001525878906,1000,0.0,0.0
2025-03-31 02:25:00+00:00,42.45000076293945,42.45000076293945,42.45000076293945,42.45000076293945,1000,0.0,0.0
2025-03-31 02:30:00+00:00,42.400001525878906,42.400001525878906,42.400001525878906,42.400001525878906,2000,0.0,0.0
2025-03-31 02:35:00+00:00,42.349998474121094,42.349998474121094,42.349998474121094,42.349998474121094,2000,0.0,0.0
2025-03-31 02:45:00+00:00,42.400001525878906,42.400001525878906,42.400001525878906,42.400001525878906,5000,0.0,0.0
2025-03-31 03:15:00+00:00,42.29999923706055,42.29999923706055,42.20000076293945,42.20000076293945,5000,0.0,0.0
2025-03-31 03:35:00+00:00,42.150001525878906,42.150001525878906,42.150001525878906,42.150001525878906,5000,0.0,0.0
2025-03-31 03:55:00+00:00,42.150001525878906,42.150001525878906,42.150001525878906,42.150001525878906,1052,0.0,0.0
2025-03-31 04:45:00+00:00,42.150001525878906,42.150001525878906,42.150001525878906,42.150001525878906,1300,0.0,0.0
2025-03-31 05:20:00+00:00,42.150001525878906,42.150001525878906,42.150001525878906,42.150001525878906,1000,0.0,0.0
2025-04-01 01:00:00+00:00,42.29999923706055,42.29999923706055,42.29999923706055,42.29999923706055,0,0.0,0.0
2025-04-01 01:10:00+00:00,42.29999923706055,42.29999923706055,42.04999923706055,42.04999923706055,3000,0.0,0.0
2025-04-01 02:10:00+00:00,42.599998474121094,42.599998474121094,42.599998474121094,42.599998474121094,1000,0.0,0.0
2025-04-01 02:15:00+00:00,42.599998474121094,42.599998474121094,42.599998474121094,42.599998474121094,1000,0.0,0.0
2025-04-01 02:20:00+00:00,42.599998474121094,42.599998474121094,42.5,42.5,3098,0.0,0.0
2025-04-01 03:00:00+00:00,42.75,42.75,42.75,42.75,1000,0.0,0.0
2025-04-01 03:15:00+00:00,42.75,42.75,42.75,42.75,6000,0.0,0.0
2025-04-01 03:30:00+00:00,42.79999923706055,42.79999923706055,42.79999923706055,42.79999923706055,1101,0.0,0.0
2025-04-01 04:10:00+00:00,42.849998474121094,42.900001525878906,42.849998474121094,42.900001525878906,4001,0.0,0.0
2025-04-01 04:30:00+00:00,42.95000076293945,43.0,42.95000076293945,43.0,3000,0.0,0.0
2025-04-01 04:35:00+00:00,42.75,42.75,42.75,42.75,4000,0.0,0.0
2025-04-01 04:55:00+00:00,43.0,43.0,43.0,43.0,3000,0.0,0.0
2025-04-01 05:00:00+00:00,43.04999923706055,43.04999923706055,43.04999923706055,43.04999923706055,4000,0.0,0.0
2025-04-01 05:05:00+00:00,43.0,43.04999923706055,43.0,43.04999923706055,4000,0.0,0.0
2025-04-01 05:10:00+00:00,43.04999923706055,43.099998474121094,43.04999923706055,43.099998474121094,5000,0.0,0.0
2025-04-01 05:15:00+00:00,43.04999923706055,43.04999923706055,43.04999923706055,43.04999923706055,4000,0.0,0.0
2025-04-01 05:20:00+00:00,43.04999923706055,43.099998474121094,43.04999923706055,43.099998474121094,2000,0.0,0.0
2025-04-02 01:00:00+00:00,43.0,43.0,42.900001525878906,42.900001525878906,0,0.0,0.0
2025-04-02 01:15:00+00:00,42.900001525878906,42.900001525878906,42.900001525878906,42.900001525878906,1001,0.0,0.0
2025-04-02 01:50:00+00:00,43.0,43.0,43.0,43.0,1000,0.0,0.0
2025-04-02 02:10:00+00:00,42.79999923706055,42.79999923706055,42.79999923706055,42.79999923706055,2000,0.0,0.0
2025-04-02 02:40:00+00:00,42.849998474121094,42.849998474121094,42.849998474121094,42.849998474121094,2001,0.0,0.0
2025-04-02 03:10:00+00:00,42.75,42.75,42.75,42.75,1000,0.0,0.0
2025-04-02 03:15:00+00:00,42.75,42.75,42.75,42.75,2000,0.0,0.0
2025-04-02 03:20:00+00:00,42.849998474121094,42.849998474121094,42.849998474121094,42.849998474121094,1000,0.0,0.0
2025-04-02 03:30:00+00:00,42.900001525878906,42.900001525878906,42.900001525878906,42.900001525878906,3000,0.0,0.0
2025-04-02 03:40:00+00:00,42.900001525878906,42.900001525878906,42.900001525878906,42.900001525878906,1000,0.0,0.0
2025-04-02 03:45:00+00:00,42.95000076293945,42.95000076293945,42.95000076293945,42.95000076293945,2000,0.0,0.0
2025-04-02 03:50:00+00:00,43.0,43.0,43.0,43.0,4000,0.0,0.0
2025-04-02 03:55:00+00:00,43.0,43.0,43.0,43.0,3000,0.0,0.0
2025-04-02 04:00:00+00:00,42.95000076293945,42.95000076293945,42.900001525878906,42.900001525878906,3000,0.0,0.0
2025-04-02 04:10:00+00:00,43.0,43.0,43.0,43.0,2684,0.0,0.0
2025-04-02 04:15:00+00:00,43.04999923706055,43.04999923706055,43.04999923706055,43.04999923706055,3000,0.0,0.0
2025-04-02 04:25:00+00:00,43.099998474121094,43.099998474121094,43.099998474121094,43.099998474121094,5000,0.0,0.0
2025-04-02 04:40:00+00:00,43.150001525878906,43.150001525878906,43.150001525878906,43.150001525878906,4152,0.0,0.0
2025-04-02 04:45:00+00:00,43.150001525878906,43.150001525878906,43.150001525878906,43.150001525878906,1264,0.0,0.0
2025-04-02 04:55:00+00:00,43.20000076293945,43.20000076293945,43.20000076293945,43.20000076293945,1000,0.0,0.0
2025-04-02 05:00:00+00:00,43.20000076293945,43.599998474121094,43.20000076293945,43.599998474121094,4000,0.0,0.0
2025-04-02 05:15:00+00:00,43.20000076293945,43.20000076293945,43.04999923706055,43.04999923706055,4000,0.0,0.0
2025-04-02 05:20:00+00:00,43.0,43.0,43.0,43.0,1000,0.0,0.0
2025-04-07 01:00:00+00:00,38.70000076293945,38.70000076293945,38.70000076293945,38.70000076293945,0,0.0,0.0
2025-04-07 01:05:00+00:00,38.75,38.75,38.70000076293945,38.70000076293945,7104,0.0,0.0
2025-04-07 01:15:00+00:00,39.29999923706055,39.29999923706055,38.75,38.75,6000,0.0,0.0
2025-04-07 01:25:00+00:00,38.75,38.79999923706055,38.70000076293945,38.70000076293945,36000,0.0,0.0
2025-04-07 01:35:00+00:00,38.70000076293945,39.099998474121094,38.70000076293945,38.70000076293945,5000,0.0,0.0
2025-04-07 01:40:00+00:00,38.70000076293945,38.70000076293945,38.70000076293945,38.70000076293945,2211,0.0,0.0
2025-04-07 01:45:00+00:00,38.70000076293945,38.70000076293945,38.70000076293945,38.70000076293945,5000,0.0,0.0
2025-04-07 01:50:00+00:00,38.70000076293945,38.70000076293945,38.70000076293945,38.70000076293945,1000,0.0,0.0
2025-04-07 01:55:00+00:00,38.70000076293945,38.70000076293945,38.70000076293945,38.70000076293945,3000,0.0,0.0
2025-04-07 02:00:00+00:00,38.70000076293945,38.70000076293945,38.70000076293945,38.70000076293945,5000,0.0,0.0
2025-04-07 02:05:00+00:00,38.70000076293945,38.70000076293945,38.70000076293945,38.70000076293945,5011,0.0,0.0
2025-04-07 02:35:00+00:00,38.70000076293945,38.70000076293945,38.70000076293945,38.70000076293945,2050,0.0,0.0
2025-04-07 03:30:00+00:00,38.70000076293945,38.70000076293945,38.70000076293945,38.70000076293945,2000,0.0,0.0
2025-04-07 03:45:00+00:00,38.70000076293945,38.70000076293945,38.70000076293945,38.70000076293945,3000,0.0,0.0
2025-04-07 04:15:00+00:00,38.70000076293945,38.70000076293945,38.70000076293945,38.70000076293945,1000,0.0,0.0
2025-04-07 04:45:00+00:00,38.70000076293945,38.70000076293945,38.70000076293945,38.70000076293945,1000,0.0,0.0
2025-04-07 04:50:00+00:00,38.70000076293945,38.70000076293945,38.70000076293945,38.70000076293945,10000,0.0,0.0
2025-04-07 05:05:00+00:00,38.70000076293945,38.70000076293945,38.70000076293945,38.70000076293945,1000,0.0,0.0
2025-04-07 05:20:00+00:00,38.70000076293945,38.70000076293945,38.70000076293945,38.70000076293945,1000,0.0,0.0
2025-04-08 01:00:00+00:00,39.400001525878906,39.400001525878906,39.25,39.25,0,0.0,0.0
2025-04-08 01:05:00+00:00,38.849998474121094,38.900001525878906,38.849998474121094,38.900001525878906,2002,0.0,0.0
2025-04-08 01:10:00+00:00,38.849998474121094,38.849998474121094,38.150001525878906,38.75,5001,0.0,0.0
2025-04-08 01:30:00+00:00,38.25,38.25,38.25,38.25,2100,0.0,0.0
2025-04-08 01:45:00+00:00,38.650001525878906,38.650001525878906,38.650001525878906,38.650001525878906,3000,0.0,0.0
2025-04-08 01:50:00+00:00,38.650001525878906,38.650001525878906,38.650001525878906,38.650001525878906,2200,0.0,0.0
2025-04-08 02:15:00+00:00,38.45000076293945,38.70000076293945,38.45000076293945,38.70000076293945,2000,0.0,0.0
2025-04-08 02:20:00+00:00,38.5,38.5,38.45000076293945,38.45000076293945,6000,0.0,0.0
2025-04-08 02:30:00+00:00,38.650001525878906,38.650001525878906,38.650001525878906,38.650001525878906,1000,0.0,0.0
2025-04-08 02:45:00+00:00,38.5,38.650001525878906,38.5,38.54999923706055,4001,0.0,0.0
2025-04-08 02:50:00+00:00,38.5,38.5,38.5,38.5,3077,0.0,0.0
2025-04-08 03:00:00+00:00,38.45000076293945,38.45000076293945,38.45000076293945,38.45000076293945,1205,0.0,0.0
2025-04-08 03:10:00+00:00,38.400001525878906,38.400001525878906,38.349998474121094,38.349998474121094,3191,0.0,0.0
2025-04-08 03:20:00+00:00,38.29999923706055,38.29999923706055,38.04999923706055,38.04999923706055,4150,0.0,0.0
2025-04-08 03:30:00+00:00,38.099998474121094,38.5,38.099998474121094,38.5,6000,0.0,0.0
2025-04-08 03:35:00+00:00,38.400001525878906,38.400001525878906,38.400001525878906,38.400001525878906,1000,0.0,0.0
2025-04-08 03:40:00+00:00,38.45000076293945,38.45000076293945,38.45000076293945,38.45000076293945,1000,0.0,0.0
2025-04-08 04:05:00+00:00,38.5,38.5,38.25,38.25,8000,0.0,0.0
2025-04-08 04:25:00+00:00,38.5,38.5,38.5,38.5,1000,0.0,0.0
2025-04-08 04:30:00+00:00,38.5,38.5,38.5,38.5,1000,0.0,0.0
2025-04-08 04:40:00+00:00,38.45000076293945,38.45000076293945,38.45000076293945,38.45000076293945,3000,0.0,0.0
2025-04-08 04:50:00+00:00,38.5,38.5,38.5,38.5,5000,0.0,0.0
2025-04-08 04:55:00+00:00,38.599998474121094,38.599998474121094,38.599998474121094,38.599998474121094,1000,0.0,0.0
2025-04-08 05:00:00+00:00,38.599998474121094,38.70000076293945,38.5,38.70000076293945,12000,0.0,0.0
2025-04-08 05:10:00+00:00,38.70000076293945,38.79999923706055,38.70000076293945,38.79999923706055,4000,0.0,0.0
2025-04-08 05:15:00+00:00,38.650001525878906,38.849998474121094,38.650001525878906,38.849998474121094,4000,0.0,0.0
2025-04-09 01:00:00+00:00,36.400001525878906,36.400001525878906,36.400001525878906,36.400001525878906,0,0.0,0.0
2025-04-09 01:05:00+00:00,37.0,37.45000076293945,37.0,37.45000076293945,10012,0.0,0.0
2025-04-09 01:10:00+00:00,37.599998474121094,38.0,37.599998474121094,38.0,3000,0.0,0.0
2025-04-09 01:15:00+00:00,38.0,38.0,38.0,38.0,2000,0.0,0.0
2025-04-09 01:20:00+00:00,38.0,38.0,38.0,38.0,5084,0.0,0.0
2025-04-09 01:25:00+00:00,37.70000076293945,37.70000076293945,37.70000076293945,37.70000076293945,4417,0.0,0.0
2025-04-09 01:30:00+00:00,37.70000076293945,37.75,37.70000076293945,37.70000076293945,5001,0.0,0.0
2025-04-09 01:40:00+00:00,38.099998474121094,38.099998474121094,38.099998474121094,38.099998474121094,1342,0.0,0.0
2025-04-09 02:45:00+00:00,38.20000076293945,38.599998474121094,38.20000076293945,38.599998474121094,20615,0.0,0.0
2025-04-09 02:55:00+00:00,38.45000076293945,38.45000076293945,38.45000076293945,38.45000076293945,2000,0.0,0.0
2025-04-09 03:15:00+00:00,38.0,38.0,38.0,38.0,0,0.0,0.0
2025-04-09 03:20:00+00:00,37.95000076293945,37.95000076293945,37.849998474121094,37.849998474121094,72472,0.0,0.0
2025-04-09 03:25:00+00:00,38.29999923706055,38.5,38.29999923706055,38.5,7207,0.0,0.0
2025-04-09 03:35:00+00:00,38.45000076293945,38.5,38.45000076293945,38.5,5000,0.0,0.0
2025-04-09 03:40:00+00:00,38.0,38.599998474121094,38.0,38.150001525878906,47068,0.0,0.0
2025-04-09 03:45:00+00:00,38.29999923706055,38.29999923706055,38.29999923706055,38.29999923706055,2000,0.0,0.0
2025-04-09 03:50:00+00:00,38.29999923706055,38.29999923706055,38.20000076293945,38.20000076293945,7000,0.0,0.0
2025-04-09 03:55:00+00:00,38.29999923706055,38.29999923706055,38.29999923706055,38.29999923706055,5000,0.0,0.0
2025-04-09 04:00:00+00:00,38.29999923706055,38.29999923706055,38.29999923706055,38.29999923706055,6000,0.0,0.0
2025-04-09 04:10:00+00:00,38.20000076293945,38.20000076293945,38.0,38.0,5000,0.0,0.0
2025-04-09 04:15:00+00:00,38.099998474121094,38.099998474121094,38.099998474121094,38.099998474121094,3000,0.0,0.0
2025-04-09 04:20:00+00:00,38.20000076293945,38.20000076293945,38.20000076293945,38.20000076293945,9000,0.0,0.0
2025-04-09 04:35:00+00:00,38.20000076293945,38.20000076293945,38.20000076293945,38.20000076293945,4000,0.0,0.0
2025-04-09 04:40:00+00:00,37.95000076293945,37.95000076293945,37.95000076293945,37.95000076293945,5000,0.0,0.0
2025-04-09 04:45:00+00:00,38.0,38.0,38.0,38.0,6000,0.0,0.0
2025-04-09 04:55:00+00:00,38.0,38.0,37.900001525878906,37.900001525878906,20001,0.0,0.0
2025-04-09 05:00:00+00:00,37.900001525878906,37.900001525878906,37.75,37.75,17000,0.0,0.0
2025-04-09 05:20:00+00:00,37.95000076293945,38.400001525878906,37.95000076293945,38.349998474121094,39000,0.0,0.0
2025-04-10 01:00:00+00:00,40.20000076293945,40.20000076293945,40.20000076293945,40.20000076293945,0,0.0,0.0
2025-04-10 01:05:00+00:00,41.099998474121094,41.25,41.099998474121094,41.20000076293945,8000,0.0,0.0
2025-04-10 01:10:00+00:00,41.20000076293945,41.29999923706055,41.20000076293945,41.29999923706055,6267,0.0,0.0
2025-04-10 01:15:00+00:00,40.849998474121094,40.849998474121094,40.849998474121094,40.849998474121094,1073,0.0,0.0
2025-04-10 01:35:00+00:00,40.70000076293945,40.70000076293945,40.650001525878906,40.650001525878906,4000,0.0,0.0
2025-04-10 01:40:00+00:00,40.54999923706055,40.54999923706055,40.5,40.5,2097,0.0,0.0
2025-04-10 02:05:00+00:00,39.599998474121094,39.599998474121094,39.599998474121094,39.599998474121094,1016,0.0,0.0
2025-04-10 02:25:00+00:00,40.0,40.0,40.0,40.0,2000,0.0,0.0
2025-04-10 02:30:00+00:00,40.0,40.0,40.0,40.0,2000,0.0,0.0
2025-04-10 02:35:00+00:00,40.349998474121094,40.349998474121094,40.349998474121094,40.349998474121094,6000,0.0,0.0
2025-04-10 02:40:00+00:00,40.349998474121094,40.400001525878906,40.349998474121094,40.400001525878906,4000,0.0,0.0
2025-04-10 02:45:00+00:00,40.45000076293945,40.5,40.45000076293945,40.5,6020,0.0,0.0
2025-04-10 03:10:00+00:00,40.79999923706055,40.79999923706055,40.79999923706055,40.79999923706055,1000,0.0,0.0
2025-04-10 03:15:00+00:00,40.900001525878906,41.0,40.900001525878906,41.0,5011,0.0,0.0
2025-04-10 03:25:00+00:00,41.0,41.150001525878906,41.0,41.150001525878906,8011,0.0,0.0
2025-04-10 03:30:00+00:00,41.25,41.400001525878906,41.25,41.400001525878906,11046,0.0,0.0
2025-04-10 03:35:00+00:00,41.29999923706055,41.29999923706055,41.29999923706055,41.29999923706055,2000,0.0,0.0
2025-04-10 03:40:00+00:00,41.29999923706055,41.29999923706055,41.29999923706055,41.29999923706055,1000,0.0,0.0
2025-04-10 03:45:00+00:00,41.29999923706055,41.29999923706055,41.0,41.0,16000,0.0,0.0
2025-04-10 04:00:00+00:00,41.04999923706055,41.04999923706055,41.04999923706055,41.04999923706055,2000,0.0,0.0
2025-04-10 04:05:00+00:00,41.04999923706055,41.04999923706055,41.04999923706055,41.04999923706055,1022,0.0,0.0
2025-04-10 04:20:00+00:00,40.95000076293945,40.95000076293945,40.95000076293945,40.95000076293945,1059,0.0,0.0
2025-04-10 04:55:00+00:00,41.099998474121094,41.099998474121094,41.099998474121094,41.099998474121094,2000,0.0,0.0
2025-04-10 05:00:00+00:00,41.0,41.0,41.0,41.0,1009,0.0,0.0
2025-04-10 05:10:00+00:00,41.20000076293945,41.20000076293945,41.0,41.0,8000,0.0,0.0
2025-04-10 05:15:00+00:00,41.20000076293945,41.20000076293945,41.20000076293945,41.20000076293945,3039,0.0,0.0
2025-04-11 01:20:00+00:00,40.79999923706055,40.849998474121094,40.79999923706055,40.849998474121094,3000,0.0,0.0
2025-04-11 01:30:00+00:00,40.70000076293945,40.70000076293945,40.70000076293945,40.70000076293945,1000,0.0,0.0
2025-04-11 01:45:00+00:00,40.70000076293945,40.70000076293945,40.70000076293945,40.70000076293945,1000,0.0,0.0
2025-04-11 01:50:00+00:00,40.79999923706055,40.849998474121094,40.79999923706055,40.849998474121094,5000,0.0,0.0
2025-04-11 02:10:00+00:00,41.099998474121094,41.20000076293945,41.099998474121094,41.20000076293945,3000,0.0,0.0
2025-04-11 02:15:00+00:00,41.099998474121094,41.099998474121094,41.099998474121094,41.099998474121094,1000,0.0,0.0
2025-04-11 02:25:00+00:00,41.099998474121094,41.099998474121094,41.099998474121094,41.099998474121094,1015,0.0,0.0
2025-04-11 03:35:00+00:00,41.099998474121094,41.099998474121094,41.099998474121094,41.099998474121094,1000,0.0,0.0
2025-04-11 03:55:00+00:00,41.099998474121094,41.099998474121094,41.099998474121094,41.099998474121094,6000,0.0,0.0
2025-04-11 04:15:00+00:00,41.099998474121094,41.099998474121094,41.099998474121094,41.099998474121094,1000,0.0,0.0
2025-04-11 04:45:00+00:00,41.20000076293945,41.20000076293945,41.20000076293945,41.20000076293945,1000,0.0,0.0
2025-04-11 04:55:00+00:00,41.29999923706055,41.29999923706055,41.29999923706055,41.29999923706055,2000,0.0,0.0
2025-04-14 01:00:00+00:00,41.20000076293945,41.20000076293945,41.0,41.0,0,0.0,0.0
2025-04-14 01:05:00+00:00,41.150001525878906,41.29999923706055,41.150001525878906,41.29999923706055,9000,0.0,0.0
2025-04-14 01:10:00+00:00,41.29999923706055,41.29999923706055,41.29999923706055,41.29999923706055,1000,0.0,0.0
2025-04-14 01:15:00+00:00,41.29999923706055,41.29999923706055,41.29999923706055,41.29999923706055,4000,0.0,0.0
2025-04-14 01:25:00+00:00,41.0,41.0,41.0,41.0,1000,0.0,0.0
2025-04-14 01:40:00+00:00,41.20000076293945,41.20000076293945,41.20000076293945,41.20000076293945,3091,0.0,0.0
2025-04-14 01:45:00+00:00,41.20000076293945,41.20000076293945,41.20000076293945,41.20000076293945,3009,0.0,0.0
2025-04-14 01:55:00+00:00,41.25,41.25,41.25,41.25,1000,0.0,0.0
2025-04-14 02:00:00+00:00,41.150001525878906,41.150001525878906,41.150001525878906,41.150001525878906,1000,0.0,0.0
2025-04-14 02:10:00+00:00,41.099998474121094,41.150001525878906,41.0,41.0,4087,0.0,0.0
2025-04-14 02:15:00+00:00,40.95000076293945,41.0,40.95000076293945,40.95000076293945,5000,0.0,0.0
2025-04-14 02:25:00+00:00,40.95000076293945,40.95000076293945,40.599998474121094,40.650001525878906,6177,0.0,0.0
2025-04-14 02:30:00+00:00,40.70000076293945,40.70000076293945,40.599998474121094,40.599998474121094,2001,0.0,0.0
2025-04-14 02:35:00+00:00,40.75,41.0,40.70000076293945,41.0,3000,0.0,0.0
2025-04-14 02:40:00+00:00,40.650001525878906,40.75,40.650001525878906,40.75,2000,0.0,0.0
2025-04-14 02:45:00+00:00,40.75,40.75,40.75,40.75,2000,0.0,0.0
2025-04-14 02:50:00+00:00,40.70000076293945,40.95000076293945,40.70000076293945,40.70000076293945,3000,0.0,0.0
2025-04-14 02:55:00+00:00,40.70000076293945,40.70000076293945,40.650001525878906,40.650001525878906,2126,0.0,0.0
2025-04-14 03:15:00+00:00,41.099998474121094,41.099998474121094,40.70000076293945,40.70000076293945,2000,0.0,0.0
2025-04-14 03:30:00+00:00,40.650001525878906,40.650001525878906,40.650001525878906,40.650001525878906,1000,0.0,0.0
2025-04-14 03:45:00+00:00,40.70000076293945,40.70000076293945,40.70000076293945,40.70000076293945,1001,0.0,0.0
2025-04-15 01:00:00+00:00,41.5,41.5,41.5,41.5,0,0.0,0.0
2025-04-15 01:05:00+00:00,40.70000076293945,40.70000076293945,40.70000076293945,40.70000076293945,2000,0.0,0.0
2025-04-15 02:20:00+00:00,41.0,41.0,41.0,41.0,4000,0.0,0.0
2025-04-15 02:40:00+00:00,41.04999923706055,41.04999923706055,41.04999923706055,41.04999923706055,1000,0.0,0.0
2025-04-15 02:55:00+00:00,41.04999923706055,41.099998474121094,41.04999923706055,41.099998474121094,4000,0.0,0.0
2025-04-15 03:05:00+00:00,41.099998474121094,41.099998474121094,41.099998474121094,41.099998474121094,1000,0.0,0.0
2025-04-15 03:30:00+00:00,41.20000076293945,41.20000076293945,41.20000076293945,41.20000076293945,1000,0.0,0.0
2025-04-15 03:55:00+00:00,41.29999923706055,41.29999923706055,41.29999923706055,41.29999923706055,1000,0.0,0.0
2025-04-15 04:30:00+00:00,41.25,41.25,41.25,41.25,2000,0.0,0.0
2025-04-15 04:35:00+00:00,41.20000076293945,41.400001525878906,41.20000076293945,41.400001525878906,6000,0.0,0.0
2025-04-15 04:40:00+00:00,41.29999923706055,41.29999923706055,41.29999923706055,41.29999923706055,1000,0.0,0.0
2025-04-15 04:45:00+00:00,41.5,41.75,41.5,41.75,2072,0.0,0.0
2025-04-15 04:50:00+00:00,41.54999923706055,41.79999923706055,41.5,41.5,11000,0.0,0.0
2025-04-15 05:20:00+00:00,41.20000076293945,41.400001525878906,41.20000076293945,41.400001525878906,7000,0.0,0.0
2025-04-16 02:00:00+00:00,41.150001525878906,41.150001525878906,41.150001525878906,41.150001525878906,1000,0.0,0.0
2025-04-16 02:05:00+00:00,41.099998474121094,41.099998474121094,40.70000076293945,40.70000076293945,5002,0.0,0.0
2025-04-16 02:30:00+00:00,40.70000076293945,40.70000076293945,40.349998474121094,40.5,15449,0.0,0.0
2025-04-16 02:45:00+00:00,40.599998474121094,40.650001525878906,40.599998474121094,40.650001525878906,2000,0.0,0.0
2025-04-16 03:05:00+00:00,40.599998474121094,40.599998474121094,40.599998474121094,40.599998474121094,1048,0.0,0.0
2025-04-16 03:25:00+00:00,40.599998474121094,40.599998474121094,40.599998474121094,40.599998474121094,2000,0.0,0.0
2025-04-16 03:30:00+00:00,40.599998474121094,40.599998474121094,40.599998474121094,40.599998474121094,2001,0.0,0.0
2025-04-16 05:20:00+00:00,40.5,40.5,40.5,40.5,2000,0.0,0.0
2025-04-17 02:10:00+00:00,40.20000076293945,40.20000076293945,40.20000076293945,40.20000076293945,2001,0.0,0.0
2025-04-17 03:00:00+00:00,40.45000076293945,40.45000076293945,40.45000076293945,40.45000076293945,1000,0.0,0.0
2025-04-17 03:05:00+00:00,40.29999923706055,40.349998474121094,40.29999923706055,40.349998474121094,3000,0.0,0.0
2025-04-17 03:10:00+00:00,40.400001525878906,40.400001525878906,40.400001525878906,40.400001525878906,2000,0.0,0.0
2025-04-17 04:05:00+00:00,40.45000076293945,40.45000076293945,40.45000076293945,40.45000076293945,3000,0.0,0.0
2025-04-17 04:10:00+00:00,40.45000076293945,40.45000076293945,40.45000076293945,40.45000076293945,2000,0.0,0.0
2025-04-17 05:15:00+00:00,40.5,40.5,40.5,40.5,10000,0.0,0.0
